web_id,url,comp_url
qb1149048,https://www.1stopbedrooms.com/acme-camelot-button-tufted-counter-height-chair-set-of-2-in-espresso-07055,https://www.bisonoffice.com/danville-counter-height-chair-espresso-pu-and-walnut/BG1877242/p/?bo=19027
qb1156735,https://www.1stopbedrooms.com/kauffman-washed-taupe-king-panel-bed,https://www.cymax.com/Kauffman-4-Pc-Est-King-Bedroom-Set-with-High-Strgt-Headboard-in-Brown-204191KE-S4-2466729.htm
qb1156735,https://www.1stopbedrooms.com/kauffman-washed-taupe-king-panel-bed,https://www.homesquare.com/Kauffman-4-Pc-Est-King-Bedroom-Set-with-High-Strgt-Headboard-in-Brown-204191KE-S4-2466729.htm
qb1157986,https://www.1stopbedrooms.com/cannon-valley-3-drawer-cocktail-table,https://www.bisonoffice.com/distressed-industrial-three-drawer-48-inch-coffee-table/BG1234930/p/?bo=15305
qb1158075,https://www.1stopbedrooms.com/kona-grove-rustic-chocolate-sofa-media-table,https://www.bisonoffice.com/50-distressed-rustic-solid-acacia-sofa-table/BG1235440/p/?bo=15305
qb1160793,https://www.1stopbedrooms.com/daisy-round-counter-height-table,https://www.diningroomsoutlet.com/homelegance-daisy-7pc-round-counter-height-table-set-in-espresso.html
qb1162347,https://www.1stopbedrooms.com/kona-grove-rustic-chocolate-cabinet,https://www.bisonoffice.com/distressed-rustic-solid-acacia-cabinet/BG1235448/p/?bo=15305
qb1163340,https://www.1stopbedrooms.com/enrico-i-gray-cal-king-upholstered-platform-bed,https://www.bedroomfurniturediscounts.com/furniture-of-america-enrico-i-5-drawer-chest-in-gray-cm7068gy-c.html
qb1163340,https://www.1stopbedrooms.com/enrico-i-gray-cal-king-upholstered-platform-bed,https://www.diningroomsoutlet.com/furniture-of-america-enrico-i-5-drawer-chest-in-gray-cm7068gy-c.html
qb1163825,https://www.1stopbedrooms.com/sania-natural-tone-bar-stool-set-of-2,https://emmamason.com/furniture-of-america-sania-bar-chair-in-natural-set-of-2-cm3324bc.html
qb1163925,https://www.1stopbedrooms.com/luminar-ii-fog-glass-counter-height-pedestal-table,https://www.walmart.com/ip/Bowery-Hill-Counter-Height-LED-Dining-Table-in-Black/934501288?selectedSellerId=1795&wmlspartner=wlpa
qb1165251,https://www.1stopbedrooms.com/manhattan-i-espresso-side-chair-set-of-2,https://www.walmart.com/ip/Racheal-Side-Chair-Finish-Dark-Cherry/189747303
qb1165743,https://www.1stopbedrooms.com/sania-natural-tone-counter-height-table,https://homegallerystores.com/sania-natural-tone-counter-height-dining-room-set-cm3324pt-furniture-of-america-dining-room-set
qb1168376,https://www.1stopbedrooms.com/acme-vendome-chair-w-2-pillows-in-gold-patina-53002,https://www.bedroomfurniturediscounts.com/acme-vendome-side-chair-set-of-2-in-gold-patina-63003.html?phash=b71c8b&vfsku=63003.63003
qb1168376,https://www.1stopbedrooms.com/acme-vendome-chair-w-2-pillows-in-gold-patina-53002,https://www.bisonoffice.com/vendome-side-chair-bone-pu-and-gold-patina-finish/BG3369496/p/?phash=b71c8b
qb1168522,https://www.1stopbedrooms.com/acme-chelmsford-sofa-in-beige-56050,https://colemanfurniture.com/chelmsford-beige-fabric-and-antique-taupe-living-room-set-with-5-pillows.htm
qb1168878,https://www.1stopbedrooms.com/cherry-grove-classic-antique-cherry-splat-back-side-chair,https://colemanfurniture.com/cherry-grove-classic-antique-cherry-splat-back-side-chair.htm
qb1168879,https://www.1stopbedrooms.com/cherry-grove-classic-antique-cherry-splat-back-arm-chair,https://colemanfurniture.com/cherry-grove-classic-antique-cherry-splat-back-arm-chair.htm
qb1168880,https://www.1stopbedrooms.com/cherry-grove-classic-antique-cherry-pierced-back-side-chair,https://colemanfurniture.com/cherry-grove-classic-antique-cherry-pierced-back-side-chair.htm
qb1168880,https://www.1stopbedrooms.com/cherry-grove-classic-antique-cherry-pierced-back-side-chair,https://homegallerystores.com/american-drew-furniture-cherry-grove-792-654-cherry-grove-pierced-back-dining-side-chair-p725
qb1168881,https://www.1stopbedrooms.com/cherry-grove-classic-antique-cherry-pierced-back-arm-chair,https://colemanfurniture.com/cherry-grove-classic-antique-cherry-pierced-back-arm-chair.htm
qb1169136,https://www.1stopbedrooms.com/b2-204-26f-26-wood-frame-backless-bar-stools,https://emmamason.com/american-woodcrafters-provence-34-swivel-stool-light-oak-b2-201-34lsu.html?vfsku=378321
qb1169806,https://www.1stopbedrooms.com/arch-salvage-parchment-mills-side-chair-set-of-2,https://www.cymax.com/A-R-T-Furniture-Arch-Salvage-Elm-Wood-Side-Chair-with-Upholstered-Seat-in-Beige-233202-2802.htm
qb1169806,https://www.1stopbedrooms.com/arch-salvage-parchment-mills-side-chair-set-of-2,https://www.homesquare.com/A-R-T-Furniture-Arch-Salvage-Elm-Wood-Side-Chair-with-Upholstered-Seat-in-Beige-233202-2802.htm
qb1170543,https://www.1stopbedrooms.com/malone-round-extendable-dining-table,https://www.cymax.com/Coaster-Malone-5-Piece-Dining-Set-in-Black-and-Walnut-105361-S5.htm
qb1170973,https://www.1stopbedrooms.com/sandy-beach-white-queen-panel-bed,https://www.cymax.com/Coaster-5-Piece-Queen-Panel-Bedroom-Set-in-White-201301Q-S5.htm
qb1171919,https://www.1stopbedrooms.com/black-room-divider-4407,https://www.bisonoffice.com/multi-color-4-panel-folding-screen-with-floral-motif/BG3802774/p/?bo=14529
qb1172620,https://www.1stopbedrooms.com/702587-black-chrome-end-table,https://www.bedroomfurniturediscounts.com/coaster-furniture-mirror-in-black-901999.html
qb1173255,https://www.1stopbedrooms.com/stately-home-navy-60-console,https://www.bisonoffice.com/classic-traditional-60-inch-sofa-table/BG1235073/p/?bo=15305
qb1179901,https://www.1stopbedrooms.com/treasures-oak-buffet-with-hutch,https://www.bisonoffice.com/hutch-and-buffet-rustic-oak-and-black-finish/BG3098751/p/?bo=15958&phash=9e6a35
qb1189278,https://www.1stopbedrooms.com/chairside-end-program-chair-side-drawer-end-table,https://www.walmart.com/ip/Mission-Style-1-Drawer-End-Table-Nightstand-in-Brown-Wood-Finish/3151835361?selectedSellerId=101397064&wmlspartner=wlpa
qb1189908,https://www.1stopbedrooms.com/black-and-chrome-tall-upholstered-swivel-barstool-set-of-2,https://www.walmart.com/ip/Home-Square-2-Piece-Faux-Leather-Tufted-Adjustable-Bar-Stool-Set-in-Black-Gray/185495136?selectedSellerId=1795&wmlspartner=wlpa
qb1193257,https://www.1stopbedrooms.com/g907-sofa-white-g907a-s-glory-furniture,https://www.bisonoffice.com/glory-furniture-gallant-sofa-in-black-color/BG3800524/p/?bo=18059&gQT=0
qb1198834,https://www.1stopbedrooms.com/hilliard-weathered-gray-writing-desk,https://www.bisonoffice.com/3-drawer-reversible-office-desk/BG3802198/p/?bo=14529
qb1200948,https://www.1stopbedrooms.com/clementine-white-twin-over-twin-bunk-bed,https://www.bedroomfurniturediscounts.com/homelegance-clementine-queen-panel-bed-in-white-1799-1.html
qb1202398,https://www.1stopbedrooms.com/morgan-creek-antique-white-entertainment-wall-unit,https://www.bisonoffice.com/entertainment-center-with-piers/BG3062548/p/?bo=13279
qb1203143,https://www.1stopbedrooms.com/huston-brown-dresser,https://www.bisonoffice.com/huston-dresser-in-quartz-color/BG3818905/p/?bo=11659
qb1203149,https://www.1stopbedrooms.com/brando-cream-cal-king-platform-bed,https://www.bisonoffice.com/brando-bed-cal-king-60-in-quartz-color/BG3818908/p/?bo=11659
qb1203154,https://www.1stopbedrooms.com/huston-brown-nightstand,https://www.bisonoffice.com/huston-nightstand-in-quartz-color/BG3818910/p/?bo=11659
qb1203155,https://www.1stopbedrooms.com/wilshire-gray-nightstand,https://www.bisonoffice.com/wilshire-nightstand-in-quartz-color/BG3818911/p/?bo=11659
qb1203158,https://www.1stopbedrooms.com/cooper-gray-arm-chair-set-of-2,https://www.bisonoffice.com/cooper-arm-chair-in-quartz-color/BG3818914/p/?bo=11659
qb1203162,https://www.1stopbedrooms.com/robards-brown-extendable-rectangular-dining-table,https://www.walmart.com/ip/Maklaine-Contemporary-Modern-Wood-Top-Butterfly-Leaf-Wood-Dining-Table-in-Gray/2173000309?selectedSellerId=1795&wmlspartner=wlpa
qb1209744,https://www.1stopbedrooms.com/magnolia-manor-antique-white-vanity,https://www.bisonoffice.com/vanity-antique-white-finish/BG3098524/p/?bo=13279
qb1210355,https://www.1stopbedrooms.com/tyler-creek-brown-and-black-chairside-end-table,https://www.walmart.com/ip/Bowery-Hill-Storage-End-Table-with-USB-Ports-in-Gray/919691073?selectedSellerId=1795&wmlspartner=wlpa
qb1214130,https://www.1stopbedrooms.com/artisans-craft-50-dakota-oak-media-console,https://www.bisonoffice.com/rustic-farmhouse-distressed-acacia-media-console-50-inch/BG1235240/p/?bo=15305
qb1214131,https://www.1stopbedrooms.com/artisans-craft-50-washed-gray-media-console,https://www.bisonoffice.com/rustic-farmhouse-distressed-acacia-media-console-50-inch/BG1235248/p/?bo=15305
qb1214132,https://www.1stopbedrooms.com/artisans-craft-50-weathered-white-media-console,https://www.bisonoffice.com/rustic-farmhouse-distressed-acacia-media-console-50-inch/BG1235256/p/?bo=15305
qb1214137,https://www.1stopbedrooms.com/artisans-craft-70-weathered-white-media-console,https://www.bisonoffice.com/rustic-farmhouse-distressed-acacia-media-console-70-inch/BG1235260/p/?bo=15305
